Donor_ID,Donor_Name,Donor_Age,Donor_Gender,Donor_Type,Donation_Type,Donor_Currency,Donation_Mode,Donor_Country,Donor_Region,Donor_State,Donor_City,Donor_Status,Donation_Date,Donation_DateID,Donation_Amount,Allocation_Type,Allocation_Amount,Program_ID,Program_Name,Program_Amount,Program_Country,Program_Region,Program_State,Program_City,Beneficiary_ID,Beneficiary_Name,Beneficiary_Age,Beneficiary_Gender,Treatment_ID,Treatment_Type,Treatment_Name,Direct_Costs,Indirect_Costs,Total_Costs
D001,Tina,33,F,Individual,,,,India,North,Himachal Pradesh,Shimla,Dormant,,,,,,,,,,,,,,,,,,,,,,
D002,Shreshth,40,M,Individual,,,,India,North,Uttar Pradesh,Lucknow,Dormant,,,,,,,,,,,,,,,,,,,,,,
D003,Pyare,55,M,Individual,,,,India,South,Andhra Pradesh,Hyderabad,Dormant,,,,,,,,,,,,,,,,,,,,,,
D101,Radha,25,F,Individual,Cash,INR,Online,India,North,Punjab,Amritsar,Active,2-Mar-13,20130302,1000,Programs,1000,P101,Mobile Health,1000,India,South,Karnataka,Tumkur,B101,Hina,62,F,T101,Session,Physiotherapy,400,100,500
D101,Radha,25,F,Individual,Cash,INR,Online,India,North,Punjab,Amritsar,Active,2-Mar-13,20130302,1000,Programs,1000,P101,Mobile Health,1000,India,South,Karnataka,Tumkur,B122,Liaqat,62,F,T102,Medicine,Preventive Care,400,100,500
D102,Sham,30,M,Individual,Cash,INR,Cheque,India,East,Assam,Guwahati,Active,10-May-13,20130510,5000,Programs,5000,P105,Old Age Homes,5000,India,North,Haryana,Karnal,B102,Lata,70,F,T108,Old Age Home Stay,Old Age Home Stay,4000,1000,5000
D103,Oracle,,,Corporate,MHU,INR,Online,India,South,Karnataka,Bangalore,Active,2-Nov-13,20131102,100000,Programs,100000,P101,Mobile Health,100000,India,South,Karnataka,Tumkur,B103,Raju,80,M,T109,Mobile Van Reach,Mobile Van Reach,8000,2000,10000
D103,Oracle,,,Corporate,MHU,INR,Online,India,South,Karnataka,Bangalore,Active,2-Nov-13,20131102,100000,Programs,100000,P101,Mobile Health,100000,India,South,Karnataka,Tumkur,B101,Hina,62,F,T109,Mobile Van Reach,Mobile Van Reach,8000,2000,10000
D103,Oracle,,,Corporate,MHU,INR,Online,India,South,Karnataka,Bangalore,Active,2-Nov-13,20131102,100000,Programs,100000,P101,Mobile Health,100000,India,South,Karnataka,Tumkur,B111,Vinay,82,M,T109,Mobile Van Reach,Mobile Van Reach,8000,2000,10000
D103,Oracle,,,Corporate,MHU,INR,Online,India,South,Karnataka,Bangalore,Active,2-Nov-13,20131102,100000,Programs,100000,P101,Mobile Health,100000,India,South,Karnataka,Tumkur,B122,Liaqat,62,F,T109,Mobile Van Reach,Mobile Van Reach,8000,2000,10000
D103,Oracle,,,Corporate,MHU,INR,Online,India,South,Karnataka,Bangalore,Active,2-Nov-13,20131102,100000,Programs,100000,P101,Mobile Health,100000,India,South,Karnataka,Tumkur,B123,Haider,69,M,T109,Mobile Van Reach,Mobile Van Reach,8000,2000,10000
D103,Oracle,,,Corporate,MHU,INR,Online,India,South,Karnataka,Bangalore,Active,2-Nov-13,20131102,100000,Programs,100000,P101,Mobile Health,100000,India,South,Karnataka,Tumkur,B124,Reshma,75,F,T109,Mobile Van Reach,Mobile Van Reach,8000,2000,10000
D103,Oracle,,,Corporate,MHU,INR,Online,India,South,Karnataka,Bangalore,Active,2-Nov-13,20131102,100000,Programs,100000,P101,Mobile Health,100000,India,South,Karnataka,Tumkur,B125,Tanmay,79,M,T109,Mobile Van Reach,Mobile Van Reach,8000,2000,10000
D103,Oracle,,,Corporate,MHU,INR,Online,India,South,Karnataka,Bangalore,Active,2-Nov-13,20131102,100000,Programs,100000,P101,Mobile Health,100000,India,South,Karnataka,Tumkur,B126,Siddhi,66,F,T109,Mobile Van Reach,Mobile Van Reach,8000,2000,10000
D103,Oracle,,,Corporate,MHU,INR,Online,India,South,Karnataka,Bangalore,Active,2-Nov-13,20131102,100000,Programs,100000,P101,Mobile Health,100000,India,South,Karnataka,Tumkur,B127,Nitin,60,M,T109,Mobile Van Reach,Mobile Van Reach,8000,2000,10000
D103,Oracle,,,Corporate,MHU,INR,Online,India,South,Karnataka,Bangalore,Active,2-Nov-13,20131102,100000,Programs,100000,P101,Mobile Health,100000,India,South,Karnataka,Tumkur,B128,Radhika,63,F,T109,Mobile Van Reach,Mobile Van Reach,8000,2000,10000
D104,Oxford College,,,Institution,Cash,INR,Online,India,North,Delhi,Delhi,Active,9-Mar-13,20130309,50000,Programs,20000,P105,Old Age Homes,5000,India,North,Haryana,Karnal,B105,Sneha,71,F,T108,Old Age Home Stay,Old Age Home Stay,4000,1000,5000
D104,Oxford College,,,Institution,Cash,INR,Online,India,North,Delhi,Delhi,Active,9-Mar-13,20130309,50000,Programs,20000,P102,Cataract Surgeries,5000,India,North,Uttar Pradesh,Miyapur,B106,Vinay,82,M,T105,Surgery,Cataract,3500,1500,5000
D104,Oxford College,,,Institution,Cash,INR,Online,India,North,Delhi,Delhi,Active,9-Mar-13,20130309,50000,Programs,20000,P103,Advocacy Program,10000,India,North,Delhi,Delhi,B107,Aditi,60,F,T106,Campaign,Elder Rights,700,300,1000
D104,Oxford College,,,Institution,Cash,INR,Online,India,North,Delhi,Delhi,Active,9-Mar-13,20130309,50000,Programs,20000,P103,Advocacy Program,10000,India,North,Delhi,Delhi,B108,Ashwath,61,M,T106,Campaign,Elder Rights,700,300,1000
D104,Oxford College,,,Institution,Cash,INR,Online,India,North,Delhi,Delhi,Active,9-Mar-13,20130309,50000,Programs,20000,P103,Advocacy Program,10000,India,North,Delhi,Delhi,B109,Aakanksh,62,M,T106,Campaign,Elder Rights,700,300,1000
D104,Oxford College,,,Institution,Cash,INR,Online,India,North,Delhi,Delhi,Active,9-Mar-13,20130309,50000,Programs,20000,P103,Advocacy Program,10000,India,North,Delhi,Delhi,B110,Aashima,60,F,T106,Campaign,Elder Rights,700,300,1000
D104,Oxford College,,,Institution,Cash,INR,Online,India,North,Delhi,Delhi,Active,9-Mar-13,20130309,50000,Programs,20000,P103,Advocacy Program,10000,India,North,Delhi,Delhi,B113,Sadhna,63,F,T106,Campaign,Elder Rights,700,300,1000
D104,Oxford College,,,Institution,Cash,INR,Online,India,North,Delhi,Delhi,Active,9-Mar-13,20130309,50000,Programs,20000,P103,Advocacy Program,10000,India,North,Delhi,Delhi,B114,Neeraj,60,M,T106,Campaign,Elder Rights,700,300,1000
D104,Oxford College,,,Institution,Cash,INR,Online,India,North,Delhi,Delhi,Active,9-Mar-13,20130309,50000,Programs,20000,P103,Advocacy Program,10000,India,North,Delhi,Delhi,B115,Sony,61,F,T106,Campaign,Elder Rights,700,300,1000
D104,Oxford College,,,Institution,Cash,INR,Online,India,North,Delhi,Delhi,Active,9-Mar-13,20130309,50000,Programs,20000,P103,Advocacy Program,10000,India,North,Delhi,Delhi,B116,Janvi,62,F,T106,Campaign,Elder Rights,700,300,1000
D104,Oxford College,,,Institution,Cash,INR,Online,India,North,Delhi,Delhi,Active,9-Mar-13,20130309,50000,Programs,20000,P103,Advocacy Program,10000,India,North,Delhi,Delhi,B117,Ankur,60,M,T106,Campaign,Elder Rights,700,300,1000
D104,Oxford College,,,Institution,Cash,INR,Online,India,North,Delhi,Delhi,Active,9-Mar-13,20130309,50000,Programs,20000,P103,Advocacy Program,10000,India,North,Delhi,Delhi,B118,Rahul,63,M,T106,Campaign,Elder Rights,700,300,1000
D104,Oxford College,,,Institution,Cash,INR,Online,India,North,Delhi,Delhi,Active,9-Mar-13,20130309,50000,Fund-Raising,20000,,,,,,,,,,,,,,,,,
D104,Oxford College,,,Institution,Cash,INR,Online,India,North,Delhi,Delhi,Active,9-Mar-13,20130309,50000,Administration,9500,,,,,,,,,,,,,,,,,
D104,Oxford College,,,Institution,Cash,INR,Online,India,North,Delhi,Delhi,Active,9-Mar-13,20130309,50000,Depreciation,500,,,,,,,,,,,,,,,,,
D105,Sita,40,F,Individual,Cash,USD,Online,United States of America,West,California,San Francisco,Active,7-Jun-13,20130607,9000,Programs,1500,P101,Mobile Health,1500,India,North,Punjab,Amritsar,B119,Gurvinder,77,M,T101,Session,Physiotherapy,400,100,500
D105,Sita,40,F,Individual,Cash,USD,Online,United States of America,West,California,San Francisco,Active,7-Jun-13,20130607,9000,Programs,1500,P101,Mobile Health,1500,India,North,Punjab,Amritsar,B120,Ginu,67,M,T101,Session,Physiotherapy,400,100,500
D105,Sita,40,F,Individual,Cash,USD,Online,United States of America,West,California,San Francisco,Active,7-Jun-13,20130607,9000,Programs,1500,P101,Mobile Health,1500,India,South,Karnataka,Tumkur,B111,Vinay,82,M,T101,Session,Physiotherapy,400,100,500
D105,Sita,40,F,Individual,Cash,USD,Online,United States of America,West,California,San Francisco,Active,7-Jun-13,20130607,9000,Programs,5000,P105,Old Age Homes,5000,India,North,Haryana,Karnal,B121,Roopika,76,F,T108,Old Age Home Stay,Old Age Home Stay,4000,1000,5000
D105,Sita,40,F,Individual,Cash,USD,Online,United States of America,West,California,San Francisco,Active,7-Jun-13,20130607,9000,Programs,2500,P104,Cancer Care,2500,India,West,Maharashtra,Mumbai,B112,Ram,73,M,T107,Therapy,Cancer,7000,3000,10000
D106,Devinder,57,M,Individual,Cash,USD,Online,United States of America,South,Texas,Texas City,Active,7-Oct-13,20131007,7500,Programs,7500,P104,Cancer Care,7500,India,West,Maharashtra,Mumbai,B112,Ram,73,M,T107,Therapy,Cancer,7000,3000,10000
D001,Tina,33,F,Individual,,,,India,North,Himachal Pradesh,Shimla,Dormant,,,,,,,,,,,,,,,,,,,,,,
D002,Shreshth,40,M,Individual,,,,India,North,Uttar Pradesh,Lucknow,Dormant,,,,,,,,,,,,,,,,,,,,,,
D003,Pyare,55,M,Individual,,,,India,South,Andhra Pradesh,Hyderabad,Dormant,,,,,,,,,,,,,,,,,,,,,,
D101,Radha,25,F,Individual,Cash,INR,Online,India,North,Punjab,Amritsar,Active,2-Mar-14,20140302,1000,Programs,1000,P101,Mobile Health,1000,India,South,Karnataka,Tumkur,B101,Hina,62,F,T101,Session,Physiotherapy,400,100,500
D101,Radha,25,F,Individual,Cash,INR,Online,India,North,Punjab,Amritsar,Active,2-Mar-14,20140302,1000,Programs,1000,P101,Mobile Health,1000,India,South,Karnataka,Tumkur,B122,Liaqat,62,F,T102,Medicine,Preventive Care,400,100,500
D102,Sham,30,M,Individual,Cash,INR,Cheque,India,East,Assam,Guwahati,Active,10-May-14,20140510,5000,Programs,5000,P105,Old Age Homes,5000,India,North,Haryana,Karnal,B102,Lata,70,F,T108,Old Age Home Stay,Old Age Home Stay,4000,1000,5000
D103,Oracle,,,Corporate,MHU,INR,Online,India,South,Karnataka,Bangalore,Active,2-Nov-14,20141102,100000,Programs,100000,P101,Mobile Health,100000,India,South,Karnataka,Tumkur,B103,Raju,80,M,T109,Mobile Van Reach,Mobile Van Reach,8000,2000,10000
D103,Oracle,,,Corporate,MHU,INR,Online,India,South,Karnataka,Bangalore,Active,2-Nov-14,20141102,100000,Programs,100000,P101,Mobile Health,100000,India,South,Karnataka,Tumkur,B101,Hina,62,F,T109,Mobile Van Reach,Mobile Van Reach,8000,2000,10000
D103,Oracle,,,Corporate,MHU,INR,Online,India,South,Karnataka,Bangalore,Active,2-Nov-14,20141102,100000,Programs,100000,P101,Mobile Health,100000,India,South,Karnataka,Tumkur,B111,Vinay,82,M,T109,Mobile Van Reach,Mobile Van Reach,8000,2000,10000
D103,Oracle,,,Corporate,MHU,INR,Online,India,South,Karnataka,Bangalore,Active,2-Nov-14,20141102,100000,Programs,100000,P101,Mobile Health,100000,India,South,Karnataka,Tumkur,B122,Liaqat,62,F,T109,Mobile Van Reach,Mobile Van Reach,8000,2000,10000
D103,Oracle,,,Corporate,MHU,INR,Online,India,South,Karnataka,Bangalore,Active,2-Nov-14,20141102,100000,Programs,100000,P101,Mobile Health,100000,India,South,Karnataka,Tumkur,B123,Haider,69,M,T109,Mobile Van Reach,Mobile Van Reach,8000,2000,10000
D103,Oracle,,,Corporate,MHU,INR,Online,India,South,Karnataka,Bangalore,Active,2-Nov-14,20141102,100000,Programs,100000,P101,Mobile Health,100000,India,South,Karnataka,Tumkur,B124,Reshma,75,F,T109,Mobile Van Reach,Mobile Van Reach,8000,2000,10000
D103,Oracle,,,Corporate,MHU,INR,Online,India,South,Karnataka,Bangalore,Active,2-Nov-14,20141102,100000,Programs,100000,P101,Mobile Health,100000,India,South,Karnataka,Tumkur,B125,Tanmay,79,M,T109,Mobile Van Reach,Mobile Van Reach,8000,2000,10000
D103,Oracle,,,Corporate,MHU,INR,Online,India,South,Karnataka,Bangalore,Active,2-Nov-14,20141102,100000,Programs,100000,P101,Mobile Health,100000,India,South,Karnataka,Tumkur,B126,Siddhi,66,F,T109,Mobile Van Reach,Mobile Van Reach,8000,2000,10000
D103,Oracle,,,Corporate,MHU,INR,Online,India,South,Karnataka,Bangalore,Active,2-Nov-14,20141102,100000,Programs,100000,P101,Mobile Health,100000,India,South,Karnataka,Tumkur,B127,Nitin,60,M,T109,Mobile Van Reach,Mobile Van Reach,8000,2000,10000
D103,Oracle,,,Corporate,MHU,INR,Online,India,South,Karnataka,Bangalore,Active,2-Nov-14,20141102,100000,Programs,100000,P101,Mobile Health,100000,India,South,Karnataka,Tumkur,B128,Radhika,63,F,T109,Mobile Van Reach,Mobile Van Reach,8000,2000,10000
D104,Oxford College,,,Institution,Cash,INR,Online,India,North,Delhi,Delhi,Active,9-Mar-14,20140309,50000,Programs,20000,P105,Old Age Homes,5000,India,North,Haryana,Karnal,B105,Sneha,71,F,T108,Old Age Home Stay,Old Age Home Stay,4000,1000,5000
D104,Oxford College,,,Institution,Cash,INR,Online,India,North,Delhi,Delhi,Active,9-Mar-14,20140309,50000,Programs,20000,P102,Cataract Surgeries,5000,India,North,Uttar Pradesh,Miyapur,B106,Vinay,82,M,T105,Surgery,Cataract,3500,1500,5000
D104,Oxford College,,,Institution,Cash,INR,Online,India,North,Delhi,Delhi,Active,9-Mar-14,20140309,50000,Programs,20000,P103,Advocacy Program,10000,India,North,Delhi,Delhi,B107,Aditi,60,F,T106,Campaign,Elder Rights,700,300,1000
D104,Oxford College,,,Institution,Cash,INR,Online,India,North,Delhi,Delhi,Active,9-Mar-14,20140309,50000,Programs,20000,P103,Advocacy Program,10000,India,North,Delhi,Delhi,B108,Ashwath,61,M,T106,Campaign,Elder Rights,700,300,1000
D104,Oxford College,,,Institution,Cash,INR,Online,India,North,Delhi,Delhi,Active,9-Mar-14,20140309,50000,Programs,20000,P103,Advocacy Program,10000,India,North,Delhi,Delhi,B109,Aakanksh,62,M,T106,Campaign,Elder Rights,700,300,1000
D104,Oxford College,,,Institution,Cash,INR,Online,India,North,Delhi,Delhi,Active,9-Mar-14,20140309,50000,Programs,20000,P103,Advocacy Program,10000,India,North,Delhi,Delhi,B110,Aashima,60,F,T106,Campaign,Elder Rights,700,300,1000
D104,Oxford College,,,Institution,Cash,INR,Online,India,North,Delhi,Delhi,Active,9-Mar-14,20140309,50000,Programs,20000,P103,Advocacy Program,10000,India,North,Delhi,Delhi,B113,Sadhna,63,F,T106,Campaign,Elder Rights,700,300,1000
D104,Oxford College,,,Institution,Cash,INR,Online,India,North,Delhi,Delhi,Active,9-Mar-14,20140309,50000,Programs,20000,P103,Advocacy Program,10000,India,North,Delhi,Delhi,B114,Neeraj,60,M,T106,Campaign,Elder Rights,700,300,1000
D104,Oxford College,,,Institution,Cash,INR,Online,India,North,Delhi,Delhi,Active,9-Mar-14,20140309,50000,Programs,20000,P103,Advocacy Program,10000,India,North,Delhi,Delhi,B115,Sony,61,F,T106,Campaign,Elder Rights,700,300,1000
D104,Oxford College,,,Institution,Cash,INR,Online,India,North,Delhi,Delhi,Active,9-Mar-14,20140309,50000,Programs,20000,P103,Advocacy Program,10000,India,North,Delhi,Delhi,B116,Janvi,62,F,T106,Campaign,Elder Rights,700,300,1000
D104,Oxford College,,,Institution,Cash,INR,Online,India,North,Delhi,Delhi,Active,9-Mar-14,20140309,50000,Programs,20000,P103,Advocacy Program,10000,India,North,Delhi,Delhi,B117,Ankur,60,M,T106,Campaign,Elder Rights,700,300,1000
D104,Oxford College,,,Institution,Cash,INR,Online,India,North,Delhi,Delhi,Active,9-Mar-14,20140309,50000,Programs,20000,P103,Advocacy Program,10000,India,North,Delhi,Delhi,B118,Rahul,63,M,T106,Campaign,Elder Rights,700,300,1000
D104,Oxford College,,,Institution,Cash,INR,Online,India,North,Delhi,Delhi,Active,9-Mar-14,20140309,50000,Fund-Raising,20000,,,,,,,,,,,,,,,,,
D104,Oxford College,,,Institution,Cash,INR,Online,India,North,Delhi,Delhi,Active,9-Mar-14,20140309,50000,Administration,9500,,,,,,,,,,,,,,,,,
D104,Oxford College,,,Institution,Cash,INR,Online,India,North,Delhi,Delhi,Active,9-Mar-14,20140309,50000,Depreciation,500,,,,,,,,,,,,,,,,,
D105,Sita,40,F,Individual,Cash,USD,Online,United States of America,West,California,San Francisco,Active,7-Jun-14,20140607,9000,Programs,1500,P101,Mobile Health,1500,India,North,Punjab,Amritsar,B119,Gurvinder,77,M,T101,Session,Physiotherapy,400,100,500
D105,Sita,40,F,Individual,Cash,USD,Online,United States of America,West,California,San Francisco,Active,7-Jun-14,20140607,9000,Programs,1500,P101,Mobile Health,1500,India,North,Punjab,Amritsar,B120,Ginu,67,M,T101,Session,Physiotherapy,400,100,500
D105,Sita,40,F,Individual,Cash,USD,Online,United States of America,West,California,San Francisco,Active,7-Jun-14,20140607,9000,Programs,1500,P101,Mobile Health,1500,India,South,Karnataka,Tumkur,B111,Vinay,82,M,T101,Session,Physiotherapy,400,100,500
D105,Sita,40,F,Individual,Cash,USD,Online,United States of America,West,California,San Francisco,Active,7-Jun-14,20140607,9000,Programs,5000,P105,Old Age Homes,5000,India,North,Haryana,Karnal,B121,Roopika,76,F,T108,Old Age Home Stay,Old Age Home Stay,4000,1000,5000
D105,Sita,40,F,Individual,Cash,USD,Online,United States of America,West,California,San Francisco,Active,7-Jun-14,20140607,9000,Programs,2500,P104,Cancer Care,2500,India,West,Maharashtra,Mumbai,B112,Ram,73,M,T107,Therapy,Cancer,7000,3000,10000
D106,Devinder,57,M,Individual,Cash,USD,Online,United States of America,South,Texas,Texas City,Active,7-Oct-14,20141007,7500,Programs,7500,P104,Cancer Care,7500,India,West,Maharashtra,Mumbai,B112,Ram,73,M,T107,Therapy,Cancer,7000,3000,10000
D001,Tina,33,F,Individual,,,,India,North,Himachal Pradesh,Shimla,Dormant,,,,,,,,,,,,,,,,,,,,,,
D002,Shreshth,40,M,Individual,,,,India,North,Uttar Pradesh,Lucknow,Dormant,,,,,,,,,,,,,,,,,,,,,,
D003,Pyare,55,M,Individual,,,,India,South,Andhra Pradesh,Hyderabad,Dormant,,,,,,,,,,,,,,,,,,,,,,
D101,Radha,25,F,Individual,Cash,INR,Online,India,North,Punjab,Amritsar,Active,2-Mar-15,20150302,1000,Programs,1000,P101,Mobile Health,1000,India,South,Karnataka,Tumkur,B101,Hina,62,F,T101,Session,Physiotherapy,400,100,500
D101,Radha,25,F,Individual,Cash,INR,Online,India,North,Punjab,Amritsar,Active,2-Mar-15,20150302,1000,Programs,1000,P101,Mobile Health,1000,India,South,Karnataka,Tumkur,B122,Liaqat,62,F,T102,Medicine,Preventive Care,400,100,500
D102,Sham,30,M,Individual,Cash,INR,Cheque,India,East,Assam,Guwahati,Active,10-May-15,20150510,5000,Programs,5000,P105,Old Age Homes,5000,India,North,Haryana,Karnal,B102,Lata,70,F,T108,Old Age Home Stay,Old Age Home Stay,4000,1000,5000
D103,Oracle,,,Corporate,MHU,INR,Online,India,South,Karnataka,Bangalore,Active,2-Nov-15,20151102,100000,Programs,100000,P101,Mobile Health,100000,India,South,Karnataka,Tumkur,B103,Raju,80,M,T109,Mobile Van Reach,Mobile Van Reach,8000,2000,10000
D103,Oracle,,,Corporate,MHU,INR,Online,India,South,Karnataka,Bangalore,Active,2-Nov-15,20151102,100000,Programs,100000,P101,Mobile Health,100000,India,South,Karnataka,Tumkur,B101,Hina,62,F,T109,Mobile Van Reach,Mobile Van Reach,8000,2000,10000
D103,Oracle,,,Corporate,MHU,INR,Online,India,South,Karnataka,Bangalore,Active,2-Nov-15,20151102,100000,Programs,100000,P101,Mobile Health,100000,India,South,Karnataka,Tumkur,B111,Vinay,82,M,T109,Mobile Van Reach,Mobile Van Reach,8000,2000,10000
D103,Oracle,,,Corporate,MHU,INR,Online,India,South,Karnataka,Bangalore,Active,2-Nov-15,20151102,100000,Programs,100000,P101,Mobile Health,100000,India,South,Karnataka,Tumkur,B122,Liaqat,62,F,T109,Mobile Van Reach,Mobile Van Reach,8000,2000,10000
D103,Oracle,,,Corporate,MHU,INR,Online,India,South,Karnataka,Bangalore,Active,2-Nov-15,20151102,100000,Programs,100000,P101,Mobile Health,100000,India,South,Karnataka,Tumkur,B123,Haider,69,M,T109,Mobile Van Reach,Mobile Van Reach,8000,2000,10000
D103,Oracle,,,Corporate,MHU,INR,Online,India,South,Karnataka,Bangalore,Active,2-Nov-15,20151102,100000,Programs,100000,P101,Mobile Health,100000,India,South,Karnataka,Tumkur,B124,Reshma,75,F,T109,Mobile Van Reach,Mobile Van Reach,8000,2000,10000
D103,Oracle,,,Corporate,MHU,INR,Online,India,South,Karnataka,Bangalore,Active,2-Nov-15,20151102,100000,Programs,100000,P101,Mobile Health,100000,India,South,Karnataka,Tumkur,B125,Tanmay,79,M,T109,Mobile Van Reach,Mobile Van Reach,8000,2000,10000
D103,Oracle,,,Corporate,MHU,INR,Online,India,South,Karnataka,Bangalore,Active,2-Nov-15,20151102,100000,Programs,100000,P101,Mobile Health,100000,India,South,Karnataka,Tumkur,B126,Siddhi,66,F,T109,Mobile Van Reach,Mobile Van Reach,8000,2000,10000
D103,Oracle,,,Corporate,MHU,INR,Online,India,South,Karnataka,Bangalore,Active,2-Nov-15,20151102,100000,Programs,100000,P101,Mobile Health,100000,India,South,Karnataka,Tumkur,B127,Nitin,60,M,T109,Mobile Van Reach,Mobile Van Reach,8000,2000,10000
D103,Oracle,,,Corporate,MHU,INR,Online,India,South,Karnataka,Bangalore,Active,2-Nov-15,20151102,100000,Programs,100000,P101,Mobile Health,100000,India,South,Karnataka,Tumkur,B128,Radhika,63,F,T109,Mobile Van Reach,Mobile Van Reach,8000,2000,10000
D104,Oxford College,,,Institution,Cash,INR,Online,India,North,Delhi,Delhi,Active,9-Mar-15,20150309,50000,Programs,20000,P105,Old Age Homes,5000,India,North,Haryana,Karnal,B105,Sneha,71,F,T108,Old Age Home Stay,Old Age Home Stay,4000,1000,5000
D104,Oxford College,,,Institution,Cash,INR,Online,India,North,Delhi,Delhi,Active,9-Mar-15,20150309,50000,Programs,20000,P102,Cataract Surgeries,5000,India,North,Uttar Pradesh,Miyapur,B106,Vinay,82,M,T105,Surgery,Cataract,3500,1500,5000
D104,Oxford College,,,Institution,Cash,INR,Online,India,North,Delhi,Delhi,Active,9-Mar-15,20150309,50000,Programs,20000,P103,Advocacy Program,10000,India,North,Delhi,Delhi,B107,Aditi,60,F,T106,Campaign,Elder Rights,700,300,1000
D104,Oxford College,,,Institution,Cash,INR,Online,India,North,Delhi,Delhi,Active,9-Mar-15,20150309,50000,Programs,20000,P103,Advocacy Program,10000,India,North,Delhi,Delhi,B108,Ashwath,61,M,T106,Campaign,Elder Rights,700,300,1000
D104,Oxford College,,,Institution,Cash,INR,Online,India,North,Delhi,Delhi,Active,9-Mar-15,20150309,50000,Programs,20000,P103,Advocacy Program,10000,India,North,Delhi,Delhi,B109,Aakanksh,62,M,T106,Campaign,Elder Rights,700,300,1000
D104,Oxford College,,,Institution,Cash,INR,Online,India,North,Delhi,Delhi,Active,9-Mar-15,20150309,50000,Programs,20000,P103,Advocacy Program,10000,India,North,Delhi,Delhi,B110,Aashima,60,F,T106,Campaign,Elder Rights,700,300,1000
D104,Oxford College,,,Institution,Cash,INR,Online,India,North,Delhi,Delhi,Active,9-Mar-15,20150309,50000,Programs,20000,P103,Advocacy Program,10000,India,North,Delhi,Delhi,B113,Sadhna,63,F,T106,Campaign,Elder Rights,700,300,1000
D104,Oxford College,,,Institution,Cash,INR,Online,India,North,Delhi,Delhi,Active,9-Mar-15,20150309,50000,Programs,20000,P103,Advocacy Program,10000,India,North,Delhi,Delhi,B114,Neeraj,60,M,T106,Campaign,Elder Rights,700,300,1000
D104,Oxford College,,,Institution,Cash,INR,Online,India,North,Delhi,Delhi,Active,9-Mar-15,20150309,50000,Programs,20000,P103,Advocacy Program,10000,India,North,Delhi,Delhi,B115,Sony,61,F,T106,Campaign,Elder Rights,700,300,1000
D104,Oxford College,,,Institution,Cash,INR,Online,India,North,Delhi,Delhi,Active,9-Mar-15,20150309,50000,Programs,20000,P103,Advocacy Program,10000,India,North,Delhi,Delhi,B116,Janvi,62,F,T106,Campaign,Elder Rights,700,300,1000
D104,Oxford College,,,Institution,Cash,INR,Online,India,North,Delhi,Delhi,Active,9-Mar-15,20150309,50000,Programs,20000,P103,Advocacy Program,10000,India,North,Delhi,Delhi,B117,Ankur,60,M,T106,Campaign,Elder Rights,700,300,1000
D104,Oxford College,,,Institution,Cash,INR,Online,India,North,Delhi,Delhi,Active,9-Mar-15,20150309,50000,Programs,20000,P103,Advocacy Program,10000,India,North,Delhi,Delhi,B118,Rahul,63,M,T106,Campaign,Elder Rights,700,300,1000
D104,Oxford College,,,Institution,Cash,INR,Online,India,North,Delhi,Delhi,Active,9-Mar-15,20150309,50000,Fund-Raising,20000,,,,,,,,,,,,,,,,,
D104,Oxford College,,,Institution,Cash,INR,Online,India,North,Delhi,Delhi,Active,9-Mar-15,20150309,50000,Administration,9500,,,,,,,,,,,,,,,,,
D104,Oxford College,,,Institution,Cash,INR,Online,India,North,Delhi,Delhi,Active,9-Mar-15,20150309,50000,Depreciation,500,,,,,,,,,,,,,,,,,
D105,Sita,40,F,Individual,Cash,USD,Online,United States of America,West,California,San Francisco,Active,7-Jun-15,20150607,9000,Programs,1500,P101,Mobile Health,1500,India,North,Punjab,Amritsar,B119,Gurvinder,77,M,T101,Session,Physiotherapy,400,100,500
D105,Sita,40,F,Individual,Cash,USD,Online,United States of America,West,California,San Francisco,Active,7-Jun-15,20150607,9000,Programs,1500,P101,Mobile Health,1500,India,North,Punjab,Amritsar,B120,Ginu,67,M,T101,Session,Physiotherapy,400,100,500
D105,Sita,40,F,Individual,Cash,USD,Online,United States of America,West,California,San Francisco,Active,7-Jun-15,20150607,9000,Programs,1500,P101,Mobile Health,1500,India,South,Karnataka,Tumkur,B111,Vinay,82,M,T101,Session,Physiotherapy,400,100,500
D105,Sita,40,F,Individual,Cash,USD,Online,United States of America,West,California,San Francisco,Active,7-Jun-15,20150607,9000,Programs,5000,P105,Old Age Homes,5000,India,North,Haryana,Karnal,B121,Roopika,76,F,T108,Old Age Home Stay,Old Age Home Stay,4000,1000,5000
D105,Sita,40,F,Individual,Cash,USD,Online,United States of America,West,California,San Francisco,Active,7-Jun-15,20150607,9000,Programs,2500,P104,Cancer Care,2500,India,West,Maharashtra,Mumbai,B112,Ram,73,M,T107,Therapy,Cancer,7000,3000,10000
D106,Devinder,57,M,Individual,Cash,USD,Online,United States of America,South,Texas,Texas City,Active,7-Oct-15,20151007,7500,Programs,7500,P104,Cancer Care,7500,India,West,Maharashtra,Mumbai,B112,Ram,73,M,T107,Therapy,Cancer,7000,3000,10000
